Post ID,Account Username,Type of Post,Date,Day of Week,Time of Day,Likes,Comments,Caption,Hashtags,Tagged Users,Is Video,View Count (if video),Engagement Score,Viewer Engagement Score
3416167398237405263,adidasfootball,GraphSidecar,2024-07-20,Saturday,07:01:50,345921,1591,"let the show begin ✨
welcome to the /// fam, Aitana.

que comience el espectáculo ✨
bienvenida a la /// fam, Aitana.",,"adidas, aitanabonmati, adidas_es",False,,744.14,
3489074111143468436,adidasfootball,GraphSidecar,2024-10-28,Monday,21:14:27,212745,320,🏆 back to back Ballon d’Or 🏆,,"adidas, aitanabonmati, adidas_es",False,,456.24,
3502998460775120294,adidasbasketball,GraphImage,2024-11-17,Sunday,02:19:39,210978,931,Sneaker of the Year. Believe That.,,"adidas, theanthonyedwards_",False,,453.77,
3489046387557366352,adidasfootball,GraphSidecar,2024-10-28,Monday,20:19:22,197898,327,the future is LY ⭐,,"adidas, lamineyamal, ballondorofficial, adidas_es",False,,424.46,
3489069608222491236,adidasfootball,GraphSidecar,2024-10-28,Monday,21:05:30,166164,664,"safest hands in the game 🏆🧤
las manos más seguras del juego 🏆🧤",,"adidas, emi_martinez26, ballondorofficial, adidasar",False,,357.23,
3518379891943840174,adidasfootball,GraphSidecar,2024-12-08,Sunday,07:39:49,134858,200,"⭐️⭐️⭐️⭐️⭐️⭐️

they're not like @lagalaxy 😮‍💨",,"adidas, mls, lagalaxy, adidasla",False,,289.2,
3521502911044150115,adidasfballus,GraphSidecar,2024-12-12,Thursday,15:04:41,110834,1123,"1 of 1.
Let the show begin. Welcome to the adidas family, @db3_tip 🔥

#teamadidas",#teamadidas,"adidas, db3_tip",False,,239.74,
3480877784659926548,adidasfootball,GraphVideo,2024-10-17,Thursday,13:57:07,69234,443,"dos iconos se unen. 👀🤝
two icons come together. 👀🤝",,"leomessi, adidasoriginals, adidas",True,380970.0,149.2,18.29
3516244161883854186,adidasfootball,GraphVideo,2024-12-05,Thursday,08:59:18,66785,2237,"the boot that changed the game forever. this is “UNDER THE TONGUE”. 👅👟

adidas Predator’s untold story drops Dec 11. don’t miss it on @adidasfootball YouTube.",,"davidbeckham, zidane, judebellingham, adidas, louist91, pedri, trentarnold66, aitanabonmati, alessia, enialuko",True,736383.0,147.8,9.37
3489488286910785920,adidasfootball,GraphVideo,2024-10-29,Tuesday,11:00:33,62669,184,winning starts with a vision 😮‍💨,,"championsleague, adidas, lamineyamal, emi_martinez26, ballondorofficial, aitanabonmati",True,234002.0,134.59,26.86
3466931373774975853,adidas,GraphSidecar,2024-09-28,Saturday,08:00:47,54872,295,Made like nothing. Feels like nothing. Looks like nothing. Introducing Climacool.,,gabrielomoses,False,,118.13,
3523279310414646414,adidasfballus,GraphSidecar,2024-12-15,Sunday,01:54:05,54448,317,"#HE12MAN official 🏆 @db3_tip 
The most outstanding player in college football, no matter what side of the ball 👏

#teamadidas","#HE12MAN, #teamadidas",adidas,False,,117.27,
3476403140241144834,adidasoriginals,GraphSidecar,2024-10-11,Friday,09:39:30,49837,194,Sports icons 🤝 runway legends. Fashion Month wrapped.,,"adidas, stellamccartney, jkeey4, tomdaley, djibrilcisse1981, richycala, nojo18, bradley_dls, annaa.hall, jeramigrant, willychavarrianewyork, daryllneita, balzersara, myleslewisskelly, estelle.mossely, labrumlondon, lolatambling, alexandra_nouchet",False,,107.13,
3450579774491162015,adidasrunning,GraphImage,2024-09-05,Thursday,18:33:05,45226,706,"Rebecca Cheptegei 🕊️

Today we tragically lost an Olympian marathon runner, a national record holder, a worldwide respected athlete and the pride of Uganda. 

We are deeply saddened by the devastating news about Rebecca. We have zero tolerance for hate and violence against women.",,adidas,False,,98.36,
3465005511295005087,adidas,GraphVideo,2024-09-25,Wednesday,16:16:08,35336,243,Ignore the noise. #YouGotThis,#YouGotThis,"adidasbasketball, aliyah.boston",True,246200.0,76.19,14.45
3490724029080665906,adidasdugout,GraphSidecar,2024-10-31,Thursday,03:52:33,34503,85,"Palm Trees 🌴 and Trophies 🏆

2024 Home Run King & World Champ, @elchino242 

A second championship & more champagne showers for @kikehndez 

#adidasDugout",#adidasDugout,"adidas, kikehndez, elchino242, adidasla",False,,74.06,
3467734790930696461,adidasrunning,GraphSidecar,2024-09-29,Sunday,10:37:02,34404,121,"Berlin is HERS 🌟💪

Tigist Ketema adds her name among the major-winning greats in 2:16:42, taking the 50th @berlinmarathon 🎉

👟 #adizero Adios Pro Evo 1 

#YouGotThis","#adizero, #YouGotThis","adidas, adidasberlin, berlinmarathon",False,,73.93,
3488059329463998966,adidasrunning,GraphSidecar,2024-10-27,Sunday,11:38:16,34106,146,"Campeón 🇪🇸🏆

Yomif Kejelcha resets the half marathon WORLD RECORD in Valencia - racing to history in 57:30 to break the previous time by just one second ⏱️

👟 #adizero Adios Pro Evo 1
#YouGotThis","#adizero, #YouGotThis","adidas, adidas_es, yomif_kejelcha",False,,73.34,
3487965381455416390,adidas,GraphImage,2024-10-27,Sunday,08:31:36,32606,169,"3.86km in the open water, 180.25km on the bike and a 42.19km run - in a new Ironman course record of 7 hours, 35 minutes and 53 seconds. 

The three time King of Kona @patricklange1 🏃‍♂️🏊‍♂️🚴‍♂️🥇

👟 #adizero Adios Pro Evo 1

#YouGotThis","#adizero, #YouGotThis","adidasrunning, adidasberlin, patricklange1",False,,70.18,
3468597392998180156,adidas,GraphVideo,2024-09-30,Monday,15:11:25,30603,192,It’s only a shot. #YouGotThis,#YouGotThis,"theanthonyedwards_, adidasbasketball",True,144071.0,65.94,21.37
3493419883263208406,adidasrunning,GraphSidecar,2024-11-03,Sunday,21:08:44,28112,129,"New York loves queens – and now they’ve got Sheila Chepkirui 🗽👑

She speeds into history with her first ever world marathon major title, breaking the tape in 2:24:35 🔥

📸 @nyrr
 #TCSNYCMarathon",#TCSNYCMarathon,"adidas, adidaswomen, adidasnyc, sheilachepkiruiken",False,,60.47,
3469054976157248467,adidasbasketball,GraphImage,2024-10-01,Tuesday,06:20:00,26180,80,"We are deeply saddened by the passing of our dear friend, Dikembe Mutombo. 

He was respected and loved by so many for his skills on the court and the impact he left off of it. Dikembe was a trailblazing humanitarian who believed in the brotherhood of basketball, using his platform to promote cultural exchange from Africa to the world, furthering the game and human rights with equal fervor. 

We are grateful for his legacy that will continue to inspire us for generations to come.",,adidas,False,,56.23,
3450538849321765202,adidas,GraphImage,2024-09-05,Thursday,17:11:46,23525,123,"Lightening strikes again ⚡️🇬🇷 @ghavelas_a100 wins Gold in the Men’s 100m T11 at the #Paris2024 at the Paralympics 🔥🥇

#YouGotThis","#Paris2024, #YouGotThis","adidasrunning, ghavelas_a100",False,,50.64,
3448423551324569657,adidasindia,GraphSidecar,2024-09-02,Monday,19:09:03,23192,112,"Gold standard. 
Defending his🥇in Tokyo, @antil_sumit7698 is the Paralympic Champion at #Paris2024 in the Javelin F64, with a new Paralympic record! #YouGotThis","#Paris2024, #YouGotThis","adidas, adidasrunning, antil_sumit7698",False,,49.9,
3419126402220480132,adidas,GraphVideo,2024-07-24,Wednesday,09:07:41,17189,2485,Summer’s biggest stage is set #YouGotThis,#YouGotThis,"nojo18, fgustavoo, sasha.zhoya, sumeyyeboyacii",True,222296.0,42.13,8.85
3446708222054923768,adidas,GraphSidecar,2024-08-31,Saturday,10:21:00,18577,74,Only the best for our athletes ⭐️,,"ohsu.o_o, _klc215, mattiaafurlanii, yemimagdalena, shishoouuuu, thealafond, tami_tola",False,,39.94,
3463547364087960533,adidas,GraphVideo,2024-09-23,Monday,16:05:44,16925,138,It’s only a kick. #YouGotThis,#YouGotThis,"patrickmahomes, adidasfballus",True,107312.0,36.54,15.9
3468006039011638188,adidasrunning,GraphVideo,2024-09-29,Sunday,19:37:07,15945,74,"Run it back… all over again ⏮️ 

Tigist Ketema delivered something special at the 50th @berlinmarathon. And it was never in doubt 🌟💪 

#adizero #YouGotThis","#adizero, #YouGotThis","adidas, adidaswomen, adidasberlin, berlinmarathon",True,197281.0,34.3,8.12
3466900038054250182,adidas,GraphVideo,2024-09-28,Saturday,07:00:05,15146,134,Introducing Climacool. Unlocking possibilities 🤝,,gabrielomoses,True,85316.0,32.72,17.91
3446306439325384369,adidasterrex,GraphSidecar,2024-08-30,Friday,21:02:43,14275,130,"✅ OCC 2023 🥇 ✅ CCC 2024 🥇

Back to back wins for @tonimccann in Chamonix!

#TeamTERREX #YouGotThis","#TeamTERREX, #YouGotThis","adidas, adidasrunning, adidasza, tonimccann",False,,30.85,
3448214004487577805,adidas,GraphSidecar,2024-09-02,Monday,12:12:43,14049,53,"Triple Amenaza🔥 

@susirodriguezgacio wins 🥇 in the Women’s Triathlon VI at the #Paris2024 Paralympics 🙌 

#YouGotThis","#Paris2024, #YouGotThis","adidasrunning, adidas_es, susirodriguezgacio",False,,30.2,
3513413370281456864,adidasrunning,GraphSidecar,2024-12-01,Sunday,11:12:13,13938,105,"When sport brings us together like nothing else 🫶 
@sabastiansawe wins in Valencia.

El deporte nos une por encima de todo.🫶
@sabastiansawe gana en Valencia.",,"adidas, adidas_es, sabastiansawe",False,,30.07,
3433865888938457061,adidas,GraphSidecar,2024-08-13,Tuesday,17:05:34,11857,159,"LA 2028 is four years away, but the pressure to qualify is already on.

Luckily, @merylandcgh knows exactly how to deal with it – make fun punch harder than pressure. 

#YouGotThis Meryland.",#YouGotThis,"adidasboxing, merylandcgh",False,,25.73,
3452050786383705199,adidas,GraphSidecar,2024-09-07,Saturday,19:15:43,11363,67,"Champions Only. 🙌 @ksholloway wins Gold at the #Paris2024 Paralympics in the Women’s Sitting Volleyball 🏐🔥🥇

#YouGotThis","#Paris2024, #YouGotThis","adidasvolleyball, ksholloway",False,,24.48,
3448818838167282425,adidasparis,GraphSidecar,2024-09-03,Tuesday,08:14:25,11336,53,Voilà ✨. It was adidas GROUNDPARIS.,,"adidas, ninhosdt, niska_officiel, malikbentalha, earvinngapeth, bboysamuka",False,,24.39,
3447113610029172257,adidas,GraphSidecar,2024-08-31,Saturday,23:46:26,9901,55,"Gold in the air🥇 

It’s a Gold medal and a new World Record for @jumpingjoe_19 in the Men’s Long Jump T63 at the #Paris2024 Paralympics Games. 

#YouGotThis","#Paris2024, #YouGotThis","adidasrunning, jumpingjoe_19",False,,21.32,
3471938670834597598,adidasfiveten,GraphVideo,2024-10-05,Saturday,06:00:28,9537,119,"MUST WATCH @danny_macaskill CAMPUS | OUT NOW

Danny got the keys to @adidas HQ to do what he does best…don’t miss this - Link In Bio

#Campus #BrandOfTheBrave #adidas","#Campus, #BrandOfTheBrave, #adidas","adidas, danny_macaskill",True,202168.0,20.68,4.78
3450542215185612764,adidasberlin,GraphSidecar,2024-09-05,Thursday,17:18:27,9241,30,"Only gold could have made the 1:01.84 even more special 🥇

@taliso_engel did not only win the 100m breast stroke, he also set a new WR today at the #Paris2024 Paralympics 🤝 #YouGotThis","#Paris2024, #YouGotThis","adidas, taliso_engel",False,,19.85,
3449135102410538293,adidas,GraphImage,2024-09-03,Tuesday,18:42:46,8972,31,"Gold is her gear🥇@kimberly_alkemade has just smashed the Paralympic record in the Women’s T64 200m to win Gold at #Paris2024 🔥

#YouGotThis","#Paris2024, #YouGotThis","adidasrunning, kimberly_alkemade",False,,19.28,
3435344265201531323,adidas,GraphVideo,2024-08-15,Thursday,18:05:47,8566,339,"Until next time… 
 
#Paris2024 #YouGotThis","#Paris2024, #YouGotThis","rebecarandrade, theanthonyedwards_, tomdaley, nojo18, antoinedupont9, annaa.hall, trinity_rodman, molly_caudery, kieranbmxreilly, jessfoxcanoe, akani_simbine, daryllneita, flaamingoo_, andreassirieix04, rosezhang, staceywaaka, dogg8bg, tylanathanwong, cadenluiscunningham",True,79774.0,19.07,11.16
3454153570792664328,adidasgolf,GraphVideo,2024-09-10,Tuesday,17:06:28,7992,72,"Before they face off this week, @rosezhang and @linngrant tested each other in a different  golf challenge that covered multiple sports in the US and Europe with only a golf ball.
 
They’ll take on 🏀, 🏈, ⚽️, 🏏 and more using every shot in their bag to bring this one home. 

Watch the full video on YouTube, hosted by @miaellax. Link in bio and on stories.
 
Who you got?⬇️",,"adidas, miaellax, rosezhang, linngrant",True,108701.0,17.27,7.42
3447443041344055740,adidasuk,GraphSidecar,2024-09-01,Sunday,10:40:57,8019,42,"Rio ✅ Tokyo ✅ Paris ✅

Another gold in the bag for @itslaurenrowles 

#YouGotThis #Paris2024","#YouGotThis, #Paris2024","adidas, paralympicsgb_official, itslaurenrowles",False,,17.26,
3462821031616393164,adidasbasketball,GraphSidecar,2024-09-22,Sunday,15:54:16,8018,39,"We’ve been built for this. 

The adidas Basketball Family is ready for the 2024 WNBA Playoffs.
 
#WNBAPlayoffs #adidasBasketball","#WNBAPlayoffs, #adidasBasketball","adidas, indianafever, lvaces, eweezy_3, aliyah.boston, nyliberty, atlantadream, sophie_cham, phoenixmercury, seattlestorm, nneka, cgray209, alyshaclark, _klc215, najlaney, tina31charles, bamsam32",False,,17.25,
3483438671846131834,adidasbasketball,GraphImage,2024-10-21,Monday,02:37:50,7640,97,"CHAMPIONS. 

Betnijah Laney-Hamilton and the New York Liberty left no doubt that they’re the world’s best.

Congratulations @najlaney & the @nyliberty on your first WNBA Championship! 

#LIGHTITUPNYL🗽",#LIGHTITUPNYL,"adidas, wnba, nyliberty, adidasnyc, najlaney, branndannart",False,,16.57,
3469347672040324624,sporarts,GraphSidecar,2024-10-01,Tuesday,16:01:32,7018,45,Magic moments from @adidas athletes at the Berlin Marathon shot by @dankingphoto_,,"adidas, adidasrunning, dankingphoto_",False,,15.12,
3467268511648401312,adidasrunning,GraphVideo,2024-09-28,Saturday,19:11:51,6979,49,"We’ve changed the world together, one record at a time. Here’s to the next 50 years @berlinmarathon 🤝🫶 

#YouGotThis #adizero","#YouGotThis, #adizero","adidas, adidasberlin, berlinmarathon, scc_events",True,74010.0,15.05,9.5
3451046736682051471,adidasuk,GraphImage,2024-09-06,Friday,10:00:51,6681,31,"History maker. Another gold for the most decorated @paralympicsgb_official athlete ever.

#YouGotThis #Paris2024","#YouGotThis, #Paris2024","adidas, paralympicsgb_official",False,,14.37,
3534516339077266356,adidasrunning,GraphSidecar,2024-12-30,Monday,14:00:03,6184,28,"Another record-breaking year down. Here’s to what’s coming next 🎉💨 

#adizero",#adizero,"adidas, flaamingoo_, tia.ajones, yomif_kejelcha, peresjepchirchirngeno, jebet.agnes, emmanuelwanyonyi800m",False,,13.3,
3447420260334257261,adidasuk,GraphImage,2024-09-01,Sunday,09:55:41,5461,29,"Leader of the pack. It's 🥇 for @benjaminpritch1.

#YouGotThis #Paris2024","#YouGotThis, #Paris2024",adidas,False,,11.76,
3457856364104818607,adidasgolf,GraphImage,2024-09-15,Sunday,19:30:22,5269,34,"For The Cup 🏆
Rose Zhang becomes just the 4th American to go 4-0 at the Solheim Cup. 

Congratulations @rosezhang and Team USA 🇺🇸",,"adidas, rosezhang",False,,11.36,
3520111882702902825,adidasterrex,GraphVideo,2024-12-10,Tuesday,17:02:38,5071,88,"What keeps a runner moving when their tank is empty? Their crew.​

Perspectives, a two-part series, kicks off with Episode 1, spotlighting the unsung heroes—planners, motivators, and problem-solvers who step up when the trail gets tough.

Catch the Unfiltered highs and lows of race day—now live on adidasTERREX YouTube.",,"adidas, tonimccann, pablovillacxm, abby.k.hall, emilyhawgood, hollyapage, el_puma_loco_, cordisimo",True,54453.0,11.05,9.47
